{
  "Total" : {
    "transaction" : "Total",
    "sampleCount" : 3563,
    "errorCount" : 3465,
    "errorPct" : 97.24951,
    "meanResTime" : 119.3550378894191,
    "medianResTime" : 135.0,
    "minResTime" : 70.0,
    "maxResTime" : 1088.0,
    "pct1ResTime" : 157.0,
    "pct2ResTime" : 167.0,
    "pct3ResTime" : 239.0,
    "throughput" : 177.32543671925546,
    "receivedKBytesPerSec" : 187.7157934355248,
    "sentKBytesPerSec" : 33.07535001306425
  },
  "GET Authorized User" : {
    "transaction" : "GET Authorized User",
    "sampleCount" : 1745,
    "errorCount" : 1704,
    "errorPct" : 97.65043,
    "meanResTime" : 87.37421203438399,
    "medianResTime" : 80.0,
    "minResTime" : 70.0,
    "maxResTime" : 1088.0,
    "pct1ResTime" : 98.0,
    "pct2ResTime" : 146.0,
    "pct3ResTime" : 190.0,
    "throughput" : 88.2159648147212,
    "receivedKBytesPerSec" : 93.12168439727517,
    "sentKBytesPerSec" : 16.45434499962085
  },
  "GET Authorized workspaces" : {
    "transaction" : "GET Authorized workspaces",
    "sampleCount" : 1818,
    "errorCount" : 1761,
    "errorPct" : 96.864685,
    "meanResTime" : 150.0517051705172,
    "medianResTime" : 144.0,
    "minResTime" : 128.0,
    "maxResTime" : 542.0,
    "pct1ResTime" : 163.0,
    "pct2ResTime" : 182.04999999999995,
    "pct3ResTime" : 252.80999999999995,
    "throughput" : 90.47927138804558,
    "receivedKBytesPerSec" : 96.04008353344449,
    "sentKBytesPerSec" : 16.87650472179366
  }
}