{
  "Total" : {
    "transaction" : "Total",
    "sampleCount" : 10153,
    "errorCount" : 10055,
    "errorPct" : 99.03477,
    "meanResTime" : 218.53659017039263,
    "medianResTime" : 139.0,
    "minResTime" : 71.0,
    "maxResTime" : 11187.0,
    "pct1ResTime" : 177.0,
    "pct2ResTime" : 204.0,
    "pct3ResTime" : 885.7599999999511,
    "throughput" : 273.4520186377226,
    "receivedKBytesPerSec" : 288.39280153316815,
    "sentKBytesPerSec" : 51.005210507622074
  },
  "GET Authorized User" : {
    "transaction" : "GET Authorized User",
    "sampleCount" : 5021,
    "errorCount" : 4975,
    "errorPct" : 99.08385,
    "meanResTime" : 92.42083250348537,
    "medianResTime" : 84.0,
    "minResTime" : 71.0,
    "maxResTime" : 916.0,
    "pct1ResTime" : 110.0,
    "pct2ResTime" : 130.89999999999964,
    "pct3ResTime" : 236.89999999999873,
    "throughput" : 193.45020227316508,
    "receivedKBytesPerSec" : 203.85673521479484,
    "sentKBytesPerSec" : 36.08299671306107
  },
  "GET Authorized workspaces" : {
    "transaction" : "GET Authorized workspaces",
    "sampleCount" : 5132,
    "errorCount" : 5080,
    "errorPct" : 98.98675,
    "meanResTime" : 341.9245908028061,
    "medianResTime" : 154.0,
    "minResTime" : 131.0,
    "maxResTime" : 11187.0,
    "pct1ResTime" : 198.69999999999982,
    "pct2ResTime" : 238.34999999999945,
    "pct3ResTime" : 11147.0,
    "throughput" : 138.220797759164,
    "receivedKBytesPerSec" : 145.88690149546179,
    "sentKBytesPerSec" : 25.781418332031567
  }
}